date,sunrise,sunset
2022-01-01 00:00:00,2022-01-01 08:44:00,2022-01-01 17:04:00
2022-01-02 00:00:00,2022-01-02 08:44:00,2022-01-02 17:05:00
2022-01-03 00:00:00,2022-01-03 08:43:00,2022-01-03 17:06:00
2022-01-04 00:00:00,2022-01-04 08:43:00,2022-01-04 17:07:00
2022-01-05 00:00:00,2022-01-05 08:43:00,2022-01-05 17:08:00
2022-01-06 00:00:00,2022-01-06 08:43:00,2022-01-06 17:09:00
2022-01-07 00:00:00,2022-01-07 08:42:00,2022-01-07 17:11:00
2022-01-08 00:00:00,2022-01-08 08:42:00,2022-01-08 17:12:00
2022-01-09 00:00:00,2022-01-09 08:42:00,2022-01-09 17:13:00
2022-01-10 00:00:00,2022-01-10 08:41:00,2022-01-10 17:14:00
2022-01-11 00:00:00,2022-01-11 08:41:00,2022-01-11 17:16:00
2022-01-12 00:00:00,2022-01-12 08:40:00,2022-01-12 17:17:00
2022-01-13 00:00:00,2022-01-13 08:40:00,2022-01-13 17:18:00
2022-01-14 00:00:00,2022-01-14 08:39:00,2022-01-14 17:20:00
2022-01-15 00:00:00,2022-01-15 08:38:00,2022-01-15 17:21:00
2022-01-16 00:00:00,2022-01-16 08:38:00,2022-01-16 17:23:00
2022-01-17 00:00:00,2022-01-17 08:37:00,2022-01-17 17:24:00
2022-01-18 00:00:00,2022-01-18 08:36:00,2022-01-18 17:26:00
2022-01-19 00:00:00,2022-01-19 08:35:00,2022-01-19 17:27:00
2022-01-20 00:00:00,2022-01-20 08:34:00,2022-01-20 17:29:00
2022-01-21 00:00:00,2022-01-21 08:33:00,2022-01-21 17:30:00
2022-01-22 00:00:00,2022-01-22 08:32:00,2022-01-22 17:32:00
2022-01-23 00:00:00,2022-01-23 08:31:00,2022-01-23 17:33:00
2022-01-24 00:00:00,2022-01-24 08:30:00,2022-01-24 17:35:00
2022-01-25 00:00:00,2022-01-25 08:29:00,2022-01-25 17:36:00
2022-01-26 00:00:00,2022-01-26 08:28:00,2022-01-26 17:38:00
2022-01-27 00:00:00,2022-01-27 08:27:00,2022-01-27 17:39:00
2022-01-28 00:00:00,2022-01-28 08:26:00,2022-01-28 17:41:00
2022-01-29 00:00:00,2022-01-29 08:24:00,2022-01-29 17:43:00
2022-01-30 00:00:00,2022-01-30 08:23:00,2022-01-30 17:44:00
2022-01-31 00:00:00,2022-01-31 08:22:00,2022-01-31 17:46:00
2022-02-01 00:00:00,2022-02-01 08:20:00,2022-02-01 17:48:00
2022-02-02 00:00:00,2022-02-02 08:19:00,2022-02-02 17:49:00
2022-02-03 00:00:00,2022-02-03 08:18:00,2022-02-03 17:51:00
2022-02-04 00:00:00,2022-02-04 08:16:00,2022-02-04 17:53:00
2022-02-05 00:00:00,2022-02-05 08:15:00,2022-02-05 17:54:00
2022-02-06 00:00:00,2022-02-06 08:13:00,2022-02-06 17:56:00
2022-02-07 00:00:00,2022-02-07 08:12:00,2022-02-07 17:58:00
2022-02-08 00:00:00,2022-02-08 08:10:00,2022-02-08 17:59:00
2022-02-09 00:00:00,2022-02-09 08:08:00,2022-02-09 18:01:00
2022-02-10 00:00:00,2022-02-10 08:07:00,2022-02-10 18:02:00
2022-02-11 00:00:00,2022-02-11 08:05:00,2022-02-11 18:04:00
2022-02-12 00:00:00,2022-02-12 08:04:00,2022-02-12 18:06:00
2022-02-13 00:00:00,2022-02-13 08:02:00,2022-02-13 18:07:00
2022-02-14 00:00:00,2022-02-14 08:00:00,2022-02-14 18:09:00
2022-02-15 00:00:00,2022-02-15 07:58:00,2022-02-15 18:11:00
2022-02-16 00:00:00,2022-02-16 07:57:00,2022-02-16 18:12:00
2022-02-17 00:00:00,2022-02-17 07:55:00,2022-02-17 18:14:00
2022-02-18 00:00:00,2022-02-18 07:53:00,2022-02-18 18:16:00
2022-02-19 00:00:00,2022-02-19 07:51:00,2022-02-19 18:17:00
2022-02-20 00:00:00,2022-02-20 07:50:00,2022-02-20 18:19:00
2022-02-21 00:00:00,2022-02-21 07:48:00,2022-02-21 18:21:00
2022-02-22 00:00:00,2022-02-22 07:46:00,2022-02-22 18:22:00
2022-02-23 00:00:00,2022-02-23 07:44:00,2022-02-23 18:24:00
2022-02-24 00:00:00,2022-02-24 07:42:00,2022-02-24 18:25:00
2022-02-25 00:00:00,2022-02-25 07:40:00,2022-02-25 18:27:00
2022-02-26 00:00:00,2022-02-26 07:38:00,2022-02-26 18:29:00
2022-02-27 00:00:00,2022-02-27 07:36:00,2022-02-27 18:30:00
2022-02-28 00:00:00,2022-02-28 07:34:00,2022-02-28 18:32:00
2022-03-01 00:00:00,2022-03-01 07:32:00,2022-03-01 18:33:00
2022-03-02 00:00:00,2022-03-02 07:30:00,2022-03-02 18:35:00
2022-03-03 00:00:00,2022-03-03 07:28:00,2022-03-03 18:37:00
2022-03-04 00:00:00,2022-03-04 07:26:00,2022-03-04 18:38:00
2022-03-05 00:00:00,2022-03-05 07:24:00,2022-03-05 18:40:00
2022-03-06 00:00:00,2022-03-06 07:22:00,2022-03-06 18:41:00
2022-03-07 00:00:00,2022-03-07 07:20:00,2022-03-07 18:43:00
2022-03-08 00:00:00,2022-03-08 07:18:00,2022-03-08 18:44:00
2022-03-09 00:00:00,2022-03-09 07:16:00,2022-03-09 18:46:00
2022-03-10 00:00:00,2022-03-10 07:14:00,2022-03-10 18:47:00
2022-03-11 00:00:00,2022-03-11 07:12:00,2022-03-11 18:49:00
2022-03-12 00:00:00,2022-03-12 07:10:00,2022-03-12 18:51:00
2022-03-13 00:00:00,2022-03-13 07:08:00,2022-03-13 18:52:00
2022-03-14 00:00:00,2022-03-14 07:06:00,2022-03-14 18:54:00
2022-03-15 00:00:00,2022-03-15 07:04:00,2022-03-15 18:55:00
2022-03-16 00:00:00,2022-03-16 07:02:00,2022-03-16 18:57:00
2022-03-17 00:00:00,2022-03-17 07:00:00,2022-03-17 18:58:00
2022-03-18 00:00:00,2022-03-18 06:58:00,2022-03-18 19:00:00
2022-03-19 00:00:00,2022-03-19 06:55:00,2022-03-19 19:01:00
2022-03-20 00:00:00,2022-03-20 06:53:00,2022-03-20 19:03:00
2022-03-21 00:00:00,2022-03-21 06:51:00,2022-03-21 19:04:00
2022-03-22 00:00:00,2022-03-22 06:49:00,2022-03-22 19:06:00
2022-03-23 00:00:00,2022-03-23 06:47:00,2022-03-23 19:07:00
2022-03-24 00:00:00,2022-03-24 06:45:00,2022-03-24 19:09:00
2022-03-25 00:00:00,2022-03-25 06:43:00,2022-03-25 19:10:00
2022-03-26 00:00:00,2022-03-26 06:41:00,2022-03-26 19:12:00
2022-03-27 00:00:00,2022-03-27 07:39:00,2022-03-27 20:13:00
2022-03-28 00:00:00,2022-03-28 07:37:00,2022-03-28 20:15:00
2022-03-29 00:00:00,2022-03-29 07:34:00,2022-03-29 20:16:00
2022-03-30 00:00:00,2022-03-30 07:32:00,2022-03-30 20:18:00
2022-03-31 00:00:00,2022-03-31 07:30:00,2022-03-31 20:19:00
2022-04-01 00:00:00,2022-04-01 07:28:00,2022-04-01 20:21:00
2022-04-02 00:00:00,2022-04-02 07:26:00,2022-04-02 20:22:00
2022-04-03 00:00:00,2022-04-03 07:24:00,2022-04-03 20:24:00
2022-04-04 00:00:00,2022-04-04 07:22:00,2022-04-04 20:25:00
2022-04-05 00:00:00,2022-04-05 07:20:00,2022-04-05 20:27:00
2022-04-06 00:00:00,2022-04-06 07:18:00,2022-04-06 20:28:00
2022-04-07 00:00:00,2022-04-07 07:16:00,2022-04-07 20:30:00
2022-04-08 00:00:00,2022-04-08 07:14:00,2022-04-08 20:31:00
2022-04-09 00:00:00,2022-04-09 07:12:00,2022-04-09 20:33:00
2022-04-10 00:00:00,2022-04-10 07:10:00,2022-04-10 20:34:00
2022-04-11 00:00:00,2022-04-11 07:08:00,2022-04-11 20:36:00
2022-04-12 00:00:00,2022-04-12 07:06:00,2022-04-12 20:37:00
2022-04-13 00:00:00,2022-04-13 07:04:00,2022-04-13 20:39:00
2022-04-14 00:00:00,2022-04-14 07:02:00,2022-04-14 20:40:00
2022-04-15 00:00:00,2022-04-15 07:00:00,2022-04-15 20:42:00
2022-04-16 00:00:00,2022-04-16 06:58:00,2022-04-16 20:43:00
2022-04-17 00:00:00,2022-04-17 06:56:00,2022-04-17 20:45:00
2022-04-18 00:00:00,2022-04-18 06:54:00,2022-04-18 20:46:00
2022-04-19 00:00:00,2022-04-19 06:52:00,2022-04-19 20:48:00
2022-04-20 00:00:00,2022-04-20 06:50:00,2022-04-20 20:49:00
2022-04-21 00:00:00,2022-04-21 06:48:00,2022-04-21 20:51:00
2022-04-22 00:00:00,2022-04-22 06:46:00,2022-04-22 20:52:00
2022-04-23 00:00:00,2022-04-23 06:44:00,2022-04-23 20:54:00
2022-04-24 00:00:00,2022-04-24 06:42:00,2022-04-24 20:55:00
2022-04-25 00:00:00,2022-04-25 06:41:00,2022-04-25 20:57:00
2022-04-26 00:00:00,2022-04-26 06:39:00,2022-04-26 20:58:00
2022-04-27 00:00:00,2022-04-27 06:37:00,2022-04-27 21:00:00
2022-04-28 00:00:00,2022-04-28 06:35:00,2022-04-28 21:01:00
2022-04-29 00:00:00,2022-04-29 06:33:00,2022-04-29 21:03:00
2022-04-30 00:00:00,2022-04-30 06:32:00,2022-04-30 21:04:00
2022-05-01 00:00:00,2022-05-01 06:30:00,2022-05-01 21:05:00
2022-05-02 00:00:00,2022-05-02 06:28:00,2022-05-02 21:07:00
2022-05-03 00:00:00,2022-05-03 06:27:00,2022-05-03 21:08:00
2022-05-04 00:00:00,2022-05-04 06:25:00,2022-05-04 21:10:00
2022-05-05 00:00:00,2022-05-05 06:23:00,2022-05-05 21:11:00
2022-05-06 00:00:00,2022-05-06 06:22:00,2022-05-06 21:13:00
2022-05-07 00:00:00,2022-05-07 06:20:00,2022-05-07 21:14:00
2022-05-08 00:00:00,2022-05-08 06:19:00,2022-05-08 21:16:00
2022-05-09 00:00:00,2022-05-09 06:17:00,2022-05-09 21:17:00
2022-05-10 00:00:00,2022-05-10 06:16:00,2022-05-10 21:18:00
2022-05-11 00:00:00,2022-05-11 06:14:00,2022-05-11 21:20:00
2022-05-12 00:00:00,2022-05-12 06:13:00,2022-05-12 21:21:00
2022-05-13 00:00:00,2022-05-13 06:11:00,2022-05-13 21:23:00
2022-05-14 00:00:00,2022-05-14 06:10:00,2022-05-14 21:24:00
2022-05-15 00:00:00,2022-05-15 06:09:00,2022-05-15 21:25:00
2022-05-16 00:00:00,2022-05-16 06:07:00,2022-05-16 21:27:00
2022-05-17 00:00:00,2022-05-17 06:06:00,2022-05-17 21:28:00
2022-05-18 00:00:00,2022-05-18 06:05:00,2022-05-18 21:29:00
2022-05-19 00:00:00,2022-05-19 06:04:00,2022-05-19 21:30:00
2022-05-20 00:00:00,2022-05-20 06:02:00,2022-05-20 21:32:00
2022-05-21 00:00:00,2022-05-21 06:01:00,2022-05-21 21:33:00
2022-05-22 00:00:00,2022-05-22 06:00:00,2022-05-22 21:34:00
2022-05-23 00:00:00,2022-05-23 05:59:00,2022-05-23 21:35:00
2022-05-24 00:00:00,2022-05-24 05:58:00,2022-05-24 21:37:00
2022-05-25 00:00:00,2022-05-25 05:57:00,2022-05-25 21:38:00
2022-05-26 00:00:00,2022-05-26 05:56:00,2022-05-26 21:39:00
2022-05-27 00:00:00,2022-05-27 05:55:00,2022-05-27 21:40:00
2022-05-28 00:00:00,2022-05-28 05:54:00,2022-05-28 21:41:00
2022-05-29 00:00:00,2022-05-29 05:54:00,2022-05-29 21:42:00
2022-05-30 00:00:00,2022-05-30 05:53:00,2022-05-30 21:43:00
2022-05-31 00:00:00,2022-05-31 05:52:00,2022-05-31 21:44:00
2022-06-01 00:00:00,2022-06-01 05:51:00,2022-06-01 21:45:00
2022-06-02 00:00:00,2022-06-02 05:51:00,2022-06-02 21:46:00
2022-06-03 00:00:00,2022-06-03 05:50:00,2022-06-03 21:47:00
2022-06-04 00:00:00,2022-06-04 05:49:00,2022-06-04 21:48:00
2022-06-05 00:00:00,2022-06-05 05:49:00,2022-06-05 21:49:00
2022-06-06 00:00:00,2022-06-06 05:48:00,2022-06-06 21:50:00
2022-06-07 00:00:00,2022-06-07 05:48:00,2022-06-07 21:50:00
2022-06-08 00:00:00,2022-06-08 05:48:00,2022-06-08 21:51:00
2022-06-09 00:00:00,2022-06-09 05:47:00,2022-06-09 21:52:00
2022-06-10 00:00:00,2022-06-10 05:47:00,2022-06-10 21:53:00
2022-06-11 00:00:00,2022-06-11 05:47:00,2022-06-11 21:53:00
2022-06-12 00:00:00,2022-06-12 05:46:00,2022-06-12 21:54:00
2022-06-13 00:00:00,2022-06-13 05:46:00,2022-06-13 21:54:00
2022-06-14 00:00:00,2022-06-14 05:46:00,2022-06-14 21:55:00
2022-06-15 00:00:00,2022-06-15 05:46:00,2022-06-15 21:55:00
2022-06-16 00:00:00,2022-06-16 05:46:00,2022-06-16 21:56:00
2022-06-17 00:00:00,2022-06-17 05:46:00,2022-06-17 21:56:00
2022-06-18 00:00:00,2022-06-18 05:46:00,2022-06-18 21:57:00
2022-06-19 00:00:00,2022-06-19 05:46:00,2022-06-19 21:57:00
2022-06-20 00:00:00,2022-06-20 05:46:00,2022-06-20 21:57:00
2022-06-21 00:00:00,2022-06-21 05:47:00,2022-06-21 21:57:00
2022-06-22 00:00:00,2022-06-22 05:47:00,2022-06-22 21:58:00
2022-06-23 00:00:00,2022-06-23 05:47:00,2022-06-23 21:58:00
2022-06-24 00:00:00,2022-06-24 05:47:00,2022-06-24 21:58:00
2022-06-25 00:00:00,2022-06-25 05:48:00,2022-06-25 21:58:00
2022-06-26 00:00:00,2022-06-26 05:48:00,2022-06-26 21:58:00
2022-06-27 00:00:00,2022-06-27 05:49:00,2022-06-27 21:58:00
2022-06-28 00:00:00,2022-06-28 05:49:00,2022-06-28 21:58:00
2022-06-29 00:00:00,2022-06-29 05:50:00,2022-06-29 21:58:00
2022-06-30 00:00:00,2022-06-30 05:50:00,2022-06-30 21:57:00
2022-07-01 00:00:00,2022-07-01 05:51:00,2022-07-01 21:57:00
2022-07-02 00:00:00,2022-07-02 05:51:00,2022-07-02 21:57:00
2022-07-03 00:00:00,2022-07-03 05:52:00,2022-07-03 21:56:00
2022-07-04 00:00:00,2022-07-04 05:53:00,2022-07-04 21:56:00
2022-07-05 00:00:00,2022-07-05 05:53:00,2022-07-05 21:56:00
2022-07-06 00:00:00,2022-07-06 05:54:00,2022-07-06 21:55:00
2022-07-07 00:00:00,2022-07-07 05:55:00,2022-07-07 21:55:00
2022-07-08 00:00:00,2022-07-08 05:56:00,2022-07-08 21:54:00
2022-07-09 00:00:00,2022-07-09 05:57:00,2022-07-09 21:54:00
2022-07-10 00:00:00,2022-07-10 05:58:00,2022-07-10 21:53:00
2022-07-11 00:00:00,2022-07-11 05:59:00,2022-07-11 21:52:00
2022-07-12 00:00:00,2022-07-12 06:00:00,2022-07-12 21:52:00
2022-07-13 00:00:00,2022-07-13 06:01:00,2022-07-13 21:51:00
2022-07-14 00:00:00,2022-07-14 06:02:00,2022-07-14 21:50:00
2022-07-15 00:00:00,2022-07-15 06:03:00,2022-07-15 21:49:00
2022-07-16 00:00:00,2022-07-16 06:04:00,2022-07-16 21:48:00
2022-07-17 00:00:00,2022-07-17 06:05:00,2022-07-17 21:47:00
2022-07-18 00:00:00,2022-07-18 06:06:00,2022-07-18 21:46:00
2022-07-19 00:00:00,2022-07-19 06:07:00,2022-07-19 21:45:00
2022-07-20 00:00:00,2022-07-20 06:08:00,2022-07-20 21:44:00
2022-07-21 00:00:00,2022-07-21 06:09:00,2022-07-21 21:43:00
2022-07-22 00:00:00,2022-07-22 06:11:00,2022-07-22 21:42:00
2022-07-23 00:00:00,2022-07-23 06:12:00,2022-07-23 21:41:00
2022-07-24 00:00:00,2022-07-24 06:13:00,2022-07-24 21:40:00
2022-07-25 00:00:00,2022-07-25 06:14:00,2022-07-25 21:38:00
2022-07-26 00:00:00,2022-07-26 06:16:00,2022-07-26 21:37:00
2022-07-27 00:00:00,2022-07-27 06:17:00,2022-07-27 21:36:00
2022-07-28 00:00:00,2022-07-28 06:18:00,2022-07-28 21:34:00
2022-07-29 00:00:00,2022-07-29 06:19:00,2022-07-29 21:33:00
2022-07-30 00:00:00,2022-07-30 06:21:00,2022-07-30 21:32:00
2022-07-31 00:00:00,2022-07-31 06:22:00,2022-07-31 21:30:00
2022-08-01 00:00:00,2022-08-01 06:23:00,2022-08-01 21:29:00
2022-08-02 00:00:00,2022-08-02 06:25:00,2022-08-02 21:27:00
2022-08-03 00:00:00,2022-08-03 06:26:00,2022-08-03 21:26:00
2022-08-04 00:00:00,2022-08-04 06:27:00,2022-08-04 21:24:00
2022-08-05 00:00:00,2022-08-05 06:29:00,2022-08-05 21:23:00
2022-08-06 00:00:00,2022-08-06 06:30:00,2022-08-06 21:21:00
2022-08-07 00:00:00,2022-08-07 06:31:00,2022-08-07 21:20:00
2022-08-08 00:00:00,2022-08-08 06:33:00,2022-08-08 21:18:00
2022-08-09 00:00:00,2022-08-09 06:34:00,2022-08-09 21:16:00
2022-08-10 00:00:00,2022-08-10 06:36:00,2022-08-10 21:14:00
2022-08-11 00:00:00,2022-08-11 06:37:00,2022-08-11 21:13:00
2022-08-12 00:00:00,2022-08-12 06:38:00,2022-08-12 21:11:00
2022-08-13 00:00:00,2022-08-13 06:40:00,2022-08-13 21:09:00
2022-08-14 00:00:00,2022-08-14 06:41:00,2022-08-14 21:08:00
2022-08-15 00:00:00,2022-08-15 06:43:00,2022-08-15 21:06:00
2022-08-16 00:00:00,2022-08-16 06:44:00,2022-08-16 21:04:00
2022-08-17 00:00:00,2022-08-17 06:45:00,2022-08-17 21:02:00
2022-08-18 00:00:00,2022-08-18 06:47:00,2022-08-18 21:00:00
2022-08-19 00:00:00,2022-08-19 06:48:00,2022-08-19 20:58:00
2022-08-20 00:00:00,2022-08-20 06:50:00,2022-08-20 20:56:00
2022-08-21 00:00:00,2022-08-21 06:51:00,2022-08-21 20:55:00
2022-08-22 00:00:00,2022-08-22 06:53:00,2022-08-22 20:53:00
2022-08-23 00:00:00,2022-08-23 06:54:00,2022-08-23 20:51:00
2022-08-24 00:00:00,2022-08-24 06:56:00,2022-08-24 20:49:00
2022-08-25 00:00:00,2022-08-25 06:57:00,2022-08-25 20:47:00
2022-08-26 00:00:00,2022-08-26 06:58:00,2022-08-26 20:45:00
2022-08-27 00:00:00,2022-08-27 07:00:00,2022-08-27 20:43:00
2022-08-28 00:00:00,2022-08-28 07:01:00,2022-08-28 20:41:00
2022-08-29 00:00:00,2022-08-29 07:02:00,2022-08-29 20:39:00
2022-08-30 00:00:00,2022-08-30 07:04:00,2022-08-30 20:37:00
2022-08-31 00:00:00,2022-08-31 07:05:00,2022-08-31 20:35:00
2022-09-01 00:00:00,2022-09-01 07:07:00,2022-09-01 20:33:00
2022-09-02 00:00:00,2022-09-02 07:08:00,2022-09-02 20:31:00
2022-09-03 00:00:00,2022-09-03 07:10:00,2022-09-03 20:29:00
2022-09-04 00:00:00,2022-09-04 07:11:00,2022-09-04 20:26:00
2022-09-05 00:00:00,2022-09-05 07:12:00,2022-09-05 20:24:00
2022-09-06 00:00:00,2022-09-06 07:14:00,2022-09-06 20:22:00
2022-09-07 00:00:00,2022-09-07 07:15:00,2022-09-07 20:20:00
2022-09-08 00:00:00,2022-09-08 07:17:00,2022-09-08 20:18:00
2022-09-09 00:00:00,2022-09-09 07:18:00,2022-09-09 20:16:00
2022-09-10 00:00:00,2022-09-10 07:19:00,2022-09-10 20:14:00
2022-09-11 00:00:00,2022-09-11 07:21:00,2022-09-11 20:12:00
2022-09-12 00:00:00,2022-09-12 07:22:00,2022-09-12 20:10:00
2022-09-13 00:00:00,2022-09-13 07:24:00,2022-09-13 20:08:00
2022-09-14 00:00:00,2022-09-14 07:25:00,2022-09-14 20:05:00
2022-09-15 00:00:00,2022-09-15 07:26:00,2022-09-15 20:03:00
2022-09-16 00:00:00,2022-09-16 07:28:00,2022-09-16 20:01:00
2022-09-17 00:00:00,2022-09-17 07:29:00,2022-09-17 19:59:00
2022-09-18 00:00:00,2022-09-18 07:31:00,2022-09-18 19:57:00
2022-09-19 00:00:00,2022-09-19 07:32:00,2022-09-19 19:55:00
2022-09-20 00:00:00,2022-09-20 07:34:00,2022-09-20 19:53:00
2022-09-21 00:00:00,2022-09-21 07:35:00,2022-09-21 19:51:00
2022-09-22 00:00:00,2022-09-22 07:36:00,2022-09-22 19:48:00
2022-09-23 00:00:00,2022-09-23 07:38:00,2022-09-23 19:46:00
2022-09-24 00:00:00,2022-09-24 07:39:00,2022-09-24 19:44:00
2022-09-25 00:00:00,2022-09-25 07:41:00,2022-09-25 19:42:00
2022-09-26 00:00:00,2022-09-26 07:42:00,2022-09-26 19:40:00
2022-09-27 00:00:00,2022-09-27 07:44:00,2022-09-27 19:38:00
2022-09-28 00:00:00,2022-09-28 07:45:00,2022-09-28 19:36:00
2022-09-29 00:00:00,2022-09-29 07:47:00,2022-09-29 19:34:00
2022-09-30 00:00:00,2022-09-30 07:48:00,2022-09-30 19:31:00
2022-10-01 00:00:00,2022-10-01 07:49:00,2022-10-01 19:29:00
2022-10-02 00:00:00,2022-10-02 07:51:00,2022-10-02 19:27:00
2022-10-03 00:00:00,2022-10-03 07:52:00,2022-10-03 19:25:00
2022-10-04 00:00:00,2022-10-04 07:54:00,2022-10-04 19:23:00
2022-10-05 00:00:00,2022-10-05 07:55:00,2022-10-05 19:21:00
2022-10-06 00:00:00,2022-10-06 07:57:00,2022-10-06 19:19:00
2022-10-07 00:00:00,2022-10-07 07:58:00,2022-10-07 19:17:00
2022-10-08 00:00:00,2022-10-08 08:00:00,2022-10-08 19:15:00
2022-10-09 00:00:00,2022-10-09 08:01:00,2022-10-09 19:13:00
2022-10-10 00:00:00,2022-10-10 08:03:00,2022-10-10 19:11:00
2022-10-11 00:00:00,2022-10-11 08:04:00,2022-10-11 19:09:00
2022-10-12 00:00:00,2022-10-12 08:06:00,2022-10-12 19:07:00
2022-10-13 00:00:00,2022-10-13 08:07:00,2022-10-13 19:05:00
2022-10-14 00:00:00,2022-10-14 08:09:00,2022-10-14 19:03:00
2022-10-15 00:00:00,2022-10-15 08:10:00,2022-10-15 19:01:00
2022-10-16 00:00:00,2022-10-16 08:12:00,2022-10-16 18:59:00
2022-10-17 00:00:00,2022-10-17 08:13:00,2022-10-17 18:57:00
2022-10-18 00:00:00,2022-10-18 08:15:00,2022-10-18 18:55:00
2022-10-19 00:00:00,2022-10-19 08:16:00,2022-10-19 18:53:00
2022-10-20 00:00:00,2022-10-20 08:18:00,2022-10-20 18:51:00
2022-10-21 00:00:00,2022-10-21 08:19:00,2022-10-21 18:49:00
2022-10-22 00:00:00,2022-10-22 08:21:00,2022-10-22 18:47:00
2022-10-23 00:00:00,2022-10-23 08:23:00,2022-10-23 18:46:00
2022-10-24 00:00:00,2022-10-24 08:24:00,2022-10-24 18:44:00
2022-10-25 00:00:00,2022-10-25 08:26:00,2022-10-25 18:42:00
2022-10-26 00:00:00,2022-10-26 08:27:00,2022-10-26 18:40:00
2022-10-27 00:00:00,2022-10-27 08:29:00,2022-10-27 18:38:00
2022-10-28 00:00:00,2022-10-28 08:30:00,2022-10-28 18:37:00
2022-10-29 00:00:00,2022-10-29 08:32:00,2022-10-29 18:35:00
2022-10-30 00:00:00,2022-10-30 07:34:00,2022-10-30 17:33:00
2022-10-31 00:00:00,2022-10-31 07:35:00,2022-10-31 17:32:00
2022-11-01 00:00:00,2022-11-01 07:37:00,2022-11-01 17:30:00
2022-11-02 00:00:00,2022-11-02 07:38:00,2022-11-02 17:28:00
2022-11-03 00:00:00,2022-11-03 07:40:00,2022-11-03 17:27:00
2022-11-04 00:00:00,2022-11-04 07:42:00,2022-11-04 17:25:00
2022-11-05 00:00:00,2022-11-05 07:43:00,2022-11-05 17:24:00
2022-11-06 00:00:00,2022-11-06 07:45:00,2022-11-06 17:22:00
2022-11-07 00:00:00,2022-11-07 07:46:00,2022-11-07 17:21:00
2022-11-08 00:00:00,2022-11-08 07:48:00,2022-11-08 17:19:00
2022-11-09 00:00:00,2022-11-09 07:50:00,2022-11-09 17:18:00
2022-11-10 00:00:00,2022-11-10 07:51:00,2022-11-10 17:16:00
2022-11-11 00:00:00,2022-11-11 07:53:00,2022-11-11 17:15:00
2022-11-12 00:00:00,2022-11-12 07:54:00,2022-11-12 17:14:00
2022-11-13 00:00:00,2022-11-13 07:56:00,2022-11-13 17:12:00
2022-11-14 00:00:00,2022-11-14 07:57:00,2022-11-14 17:11:00
2022-11-15 00:00:00,2022-11-15 07:59:00,2022-11-15 17:10:00
2022-11-16 00:00:00,2022-11-16 08:00:00,2022-11-16 17:09:00
2022-11-17 00:00:00,2022-11-17 08:02:00,2022-11-17 17:08:00
2022-11-18 00:00:00,2022-11-18 08:04:00,2022-11-18 17:07:00
2022-11-19 00:00:00,2022-11-19 08:05:00,2022-11-19 17:05:00
2022-11-20 00:00:00,2022-11-20 08:07:00,2022-11-20 17:04:00
2022-11-21 00:00:00,2022-11-21 08:08:00,2022-11-21 17:03:00
2022-11-22 00:00:00,2022-11-22 08:10:00,2022-11-22 17:03:00
2022-11-23 00:00:00,2022-11-23 08:11:00,2022-11-23 17:02:00
2022-11-24 00:00:00,2022-11-24 08:12:00,2022-11-24 17:01:00
2022-11-25 00:00:00,2022-11-25 08:14:00,2022-11-25 17:00:00
2022-11-26 00:00:00,2022-11-26 08:15:00,2022-11-26 16:59:00
2022-11-27 00:00:00,2022-11-27 08:17:00,2022-11-27 16:58:00
2022-11-28 00:00:00,2022-11-28 08:18:00,2022-11-28 16:58:00
2022-11-29 00:00:00,2022-11-29 08:19:00,2022-11-29 16:57:00
2022-11-30 00:00:00,2022-11-30 08:21:00,2022-11-30 16:57:00
2022-12-01 00:00:00,2022-12-01 08:22:00,2022-12-01 16:56:00
2022-12-02 00:00:00,2022-12-02 08:23:00,2022-12-02 16:55:00
2022-12-03 00:00:00,2022-12-03 08:24:00,2022-12-03 16:55:00
2022-12-04 00:00:00,2022-12-04 08:26:00,2022-12-04 16:55:00
2022-12-05 00:00:00,2022-12-05 08:27:00,2022-12-05 16:54:00
2022-12-06 00:00:00,2022-12-06 08:28:00,2022-12-06 16:54:00
2022-12-07 00:00:00,2022-12-07 08:29:00,2022-12-07 16:54:00
2022-12-08 00:00:00,2022-12-08 08:30:00,2022-12-08 16:54:00
2022-12-09 00:00:00,2022-12-09 08:31:00,2022-12-09 16:53:00
2022-12-10 00:00:00,2022-12-10 08:32:00,2022-12-10 16:53:00
2022-12-11 00:00:00,2022-12-11 08:33:00,2022-12-11 16:53:00
2022-12-12 00:00:00,2022-12-12 08:34:00,2022-12-12 16:53:00
2022-12-13 00:00:00,2022-12-13 08:35:00,2022-12-13 16:53:00
2022-12-14 00:00:00,2022-12-14 08:36:00,2022-12-14 16:53:00
2022-12-15 00:00:00,2022-12-15 08:37:00,2022-12-15 16:54:00
2022-12-16 00:00:00,2022-12-16 08:38:00,2022-12-16 16:54:00
2022-12-17 00:00:00,2022-12-17 08:38:00,2022-12-17 16:54:00
2022-12-18 00:00:00,2022-12-18 08:39:00,2022-12-18 16:54:00
2022-12-19 00:00:00,2022-12-19 08:40:00,2022-12-19 16:55:00
2022-12-20 00:00:00,2022-12-20 08:40:00,2022-12-20 16:55:00
2022-12-21 00:00:00,2022-12-21 08:41:00,2022-12-21 16:56:00
2022-12-22 00:00:00,2022-12-22 08:41:00,2022-12-22 16:56:00
2022-12-23 00:00:00,2022-12-23 08:42:00,2022-12-23 16:57:00
2022-12-24 00:00:00,2022-12-24 08:42:00,2022-12-24 16:57:00
2022-12-25 00:00:00,2022-12-25 08:42:00,2022-12-25 16:58:00
2022-12-26 00:00:00,2022-12-26 08:43:00,2022-12-26 16:59:00
2022-12-27 00:00:00,2022-12-27 08:43:00,2022-12-27 16:59:00
2022-12-28 00:00:00,2022-12-28 08:43:00,2022-12-28 17:00:00
2022-12-29 00:00:00,2022-12-29 08:43:00,2022-12-29 17:01:00
2022-12-30 00:00:00,2022-12-30 08:44:00,2022-12-30 17:02:00
2022-12-31 00:00:00,2022-12-31 08:44:00,2022-12-31 17:03:00
